AGORA Strain,Model ID,"Western diet, anaerobic (h-1)","Western diet, aerobic (h-1)","High fiber diet, anaerobic (h-1)","High fiber diet, aerobic (h-1)"
Abiotrophia defectiva ATCC 49176,Abiotrophia_defectiva_ATCC_49176,0.149,0.168,0.165,0.171
Acidaminococcus fermentans DSM 20731,Acidaminococcus_fermentans_DSM_20731,0.191,0.216,0.151,0.171
Acidaminococcus intestini RyC-MR95,Acidaminococcus_intestini_RyC_MR95,0.122,0.122,0.111,0.112
Acidaminococcus sp. D21,Acidaminococcus_sp_D21,0.123,0.123,0.117,0.118
Acinetobacter calcoaceticus PHEA-2,Acinetobacter_calcoaceticus_PHEA_2,0.244,1.019,0.326,1.104
Acinetobacter haemolyticus NIPH 261,Acinetobacter_haemolyticus_NIPH_261,0.129,0.458,0.162,0.229
Acinetobacter johnsonii SH046,Acinetobacter_johnsonii_SH046,0.122,0.863,0.158,0.905
Acinetobacter junii SH205,Acinetobacter_junii_SH205,0.142,0.733,0.192,0.783
Acinetobacter lwoffii WJ10621,Acinetobacter_lwoffii_WJ10621,0.076,0.758,0.116,0.787
Acinetobacter pittii ANC 4052,Acinetobacter_pittii_ANC_4052,0.179,0.911,0.220,0.973
Acinetobacter radioresistens NIPH 2130,Acinetobacter_radioresistens_NIPH_2130,0.132,0.829,0.153,0.882
Actinobacillus pleuropneumoniae L20,Actinobacillus_pleuropneumoniae_L20,0.509,1.002,0.514,0.997
Actinomyces cardiffensis F0333,Actinomyces_cardiffensis_F0333,0.185,0.268,0.180,0.224
Actinomyces georgiae  DSM 6843,Actinomyces_georgiae_DSM_6843,0.289,0.370,0.172,0.199
Actinomyces graevenitzii  C83,Actinomyces_graevenitzii_C83,0.231,0.400,0.199,0.388
Actinomyces naeslundii str. Howell 279,Actinomyces_naeslundii_str_Howell_279,0.262,0.743,0.260,0.649
Actinomyces odontolyticus ATCC 17982,Actinomyces_odontolyticus_ATCC_17982,0.155,0.437,0.147,0.296
Actinomyces oris K20,Actinomyces_oris_K20,0.204,0.494,0.211,0.491
Actinomyces turicensis ACS-279-V-Col4,Actinomyces_turicensis_ACS_279_V_Col4,0.240,0.295,0.207,0.234
Actinomyces urogenitalis DSM 15434,Actinomyces_urogenitalis_DSM_15434,0.259,0.319,0.239,0.271
Actinomyces viscosus  C505,Actinomyces_viscosus_C505,0.263,0.458,0.229,0.229
Adlercreutzia equolifaciens DSM 19450,Adlercreutzia_equolifaciens_DSM_19450,0.004,0.039,0.013,0.047
Aerococcus viridans ATCC 11563,Aerococcus_viridans_ATCC_11563,0.229,0.266,0.181,0.208
Aeromonas caviae Ae398,Aeromonas_caviae_Ae398,0.458,0.458,0.229,0.229
Aeromonas hydrophila subsp. hydrophila ATCC 7966,Aeromonas_hydrophila_subsp_hydrophila_ATCC_7966,0.717,1.293,0.638,1.279
Aeromonas jandaei Riv2,Aeromonas_jandaei_Riv2,0.458,0.458,0.229,0.229
Aeromonas media WS,Aeromonas_media_WS,0.458,0.458,0.229,0.229
Aeromonas veronii B565,Aeromonas_veronii_B565,0.458,0.458,0.229,0.229
Afipia birgiae 34632,Afipia_birgiae_34632,0.186,0.970,0.199,0.945
Aggregatibacter aphrophilus NJ8700,Aggregatibacter_aphrophilus_NJ8700,0.313,0.458,0.229,0.229
Akkermansia muciniphila ATCC BAA-835,Akkermansia_muciniphila_ATCC_BAA_835,0.125,0.400,0.134,0.458
Alcaligenes faecalis subsp. faecalis NBRC 13111,Alcaligenes_faecalis_subsp_faecalis_NBRC_13111,0.289,0.772,0.248,0.744
Alcaligenes faecalis subsp. faecalis NCIB 8687,Alcaligenes_faecalis_subsp_faecalis_NCIB_8687,0.283,0.920,0.263,0.918
Alistipes finegoldii DSM 17242,Alistipes_finegoldii_DSM_17242,0.365,0.458,0.229,0.229
Alistipes indistinctus YIT 12060,Alistipes_indistinctus_YIT_12060,0.235,0.597,0.196,0.560
Alistipes onderdonkii DSM 19147,Alistipes_onderdonkii_DSM_19147,0.333,0.568,0.358,0.595
Alistipes putredinis DSM 17216,Alistipes_putredinis_DSM_17216,0.045,0.163,0.044,0.163
Alistipes shahii WAL 8301,Alistipes_shahii_WAL_8301,0.312,0.458,0.229,0.229
Alloprevotella tannerae ATCC 51259,Alloprevotella_tannerae_ATCC_51259,0.176,0.326,0.175,0.229
"Anaerobaculum hydrogeniformans OS1, ATCC BAA-1850",Anaerobaculum_hydrogeniformans_OS1_ATCC_BAA_1850,0.239,0.240,0.268,0.269
Anaerobiospirillum succiniciproducens DSM 640001,Anaerobiospirillum_succiniciproducens_DSM_640001,0.167,0.403,0.178,0.368
Anaerococcus hydrogenalis DSM 7454,Anaerococcus_hydrogenalis_DSM_7454,0.249,0.249,0.218,0.218
Anaerococcus prevotii DSM 20548,Anaerococcus_prevotii_DSM_20548,0.207,0.207,0.172,0.172
Anaerococcus vaginalis ATCC 51170,Anaerococcus_vaginalis_ATCC_51170,0.309,0.348,0.289,0.335
Anaerofustis stercorihominis DSM 17244,Anaerofustis_stercorihominis_DSM_17244,0.121,0.135,0.070,0.076
Anaerostipes caccae DSM 14662,Anaerostipes_caccae_DSM_14662,0.391,0.403,0.270,0.325
Anaerostipes hadrus DSM 3319,Anaerostipes_hadrus_DSM_3319,0.257,0.292,0.128,0.128
Anaerostipes sp. 3_2_56FAA,Anaerostipes_sp_3_2_56FAA,0.223,0.299,0.205,0.269
Anaerotruncus colihominis DSM 17241,Anaerotruncus_colihominis_DSM_17241,0.293,0.293,0.263,0.263
Aneurinibacillus aneurinilyticus ATCC 12856,Aneurinibacillus_aneurinilyticus_ATCC_12856,0.440,0.563,0.411,0.557
Arcanobacterium haemolyticum DSM 20595,Arcanobacterium_haemolyticum_DSM_20595,0.308,0.364,0.229,0.229
Arcobacter butzleri RM4018,Arcobacter_butzleri_RM4018,0.024,0.112,0.032,0.117
Arthrobacter castelli DSM 16402,Arthrobacter_castelli_DSM_16402,0.318,0.955,0.294,0.961
Atopobium minutum 10063974,Atopobium_minutum_10063974,0.348,0.348,0.339,0.420
Atopobium parvulum DSM 20469,Atopobium_parvulum_DSM_20469,0.287,0.348,0.251,0.311
Atopobium rimae ATCC 49626,Atopobium_rimae_ATCC_49626,0.317,0.326,0.271,0.459
Bacillus altitudinis 41KF2b,Bacillus_altitudinis_41KF2b,0.435,0.563,0.359,0.497
Bacillus atrophaeus ATCC 49822-1,Bacillus_atrophaeus_ATCC_49822_1,0.488,0.630,0.408,0.554
Bacillus cereus AH187 (F4810/72),Bacillus_cereus_AH187_F4810_72,0.432,0.432,0.475,1.161
Bacillus cereus G9842,Bacillus_cereus_G9842,0.432,0.432,0.476,1.160
Bacillus clausii KSM-K16,Bacillus_clausii_KSM_K16,0.367,0.495,0.249,0.393
Bacillus endophyticus 2102,Bacillus_endophyticus_2102,0.378,0.488,0.352,0.481
Bacillus firmus DS1,Bacillus_firmus_DS1,0.484,0.618,0.423,0.566
Bacillus flexus 27Col1.1E,Bacillus_flexus_27Col1_1E,0.502,0.626,0.429,0.555
Bacillus fordii DSM 16014,Bacillus_fordii_DSM_16014,0.266,0.384,0.247,0.426
Bacillus halodurans C-125,Bacillus_halodurans_C_125,0.400,0.503,0.289,0.413
Bacillus infantis NRRL B-14911,Bacillus_infantis_NRRL_B_14911,0.508,0.623,0.437,0.557
Bacillus mojavensis RO-H-1 = KCTC3706,Bacillus_mojavensis_RO_H_1,0.394,0.535,0.381,0.526
Bacillus mycoides  DSM 2048,Bacillus_mycoides_DSM_2048,0.514,0.649,0.437,0.600
Bacillus nealsonii AAU1,Bacillus_nealsonii_AAU1,0.475,0.602,0.396,0.524
Bacillus pseudofirmus  OF4,Bacillus_pseudofirmus_OF4,0.410,0.508,0.376,0.475
Bacillus pumilus ATCC 7061,Bacillus_pumilus_ATCC_7061,0.338,0.438,0.329,0.479
Bacillus sonorensis L12,Bacillus_sonorensis_L12,0.483,0.614,0.403,0.539
Bacillus thermoamylovorans,Bacillus_thermoamylovorans,0.492,0.605,0.423,0.545
Bacillus timonensis JC401,Bacillus_timonensis_JC401,0.402,0.522,0.412,0.549
Bacillus vallismortis DV1-F-3,Bacillus_vallismortis_DV1_F_3,0.423,0.542,0.340,0.473
Bacteroides caccae ATCC 43185,Bacteroides_caccae_ATCC_43185,0.525,0.862,0.444,0.862
Bacteroides cellulosilyticus DSM 14838,Bacteroides_cellulosilyticus_DSM_14838,0.334,0.688,0.529,0.688
Bacteroides clarus YIT 12056,Bacteroides_clarus_YIT_12056,0.367,0.458,0.229,0.229
"Bacteroides coprocola M16, DSM 17136",Bacteroides_coprocola_M16_DSM_17136,0.103,0.352,0.073,0.164
Bacteroides coprophilus DSM 18228,Bacteroides_coprophilus_DSM_18228,0.303,0.750,0.320,0.772
Bacteroides dorei DSM 17855,Bacteroides_dorei_DSM_17855,0.169,0.574,0.127,0.478
Bacteroides eggerthii 1_2_48FAA,Bacteroides_eggerthii_1_2_48FAA,0.384,0.820,0.290,0.723
Bacteroides eggerthii DSM 20697,Bacteroides_eggerthii_DSM_20697,0.327,0.714,0.244,0.628
Bacteroides faecis MAJ27,Bacteroides_faecis_MAJ27,0.458,0.458,0.229,0.229
Bacteroides finegoldii DSM 17565,Bacteroides_finegoldii_DSM_17565,0.180,0.594,0.139,0.492
Bacteroides fluxus YIT 12057,Bacteroides_fluxus_YIT_12057,0.458,0.458,0.229,0.229
Bacteroides fragilis 3_1_12,Bacteroides_fragilis_3_1_12,0.440,0.862,0.346,0.805
Bacteroides fragilis 638R,Bacteroides_fragilis_638R,0.511,0.947,0.425,0.852
Bacteroides fragilis NCTC 9343,Bacteroides_fragilis_NCTC_9343,0.458,0.932,0.385,0.850
Bacteroides fragilis YCH46,Bacteroides_fragilis_YCH46,0.443,0.908,0.350,0.806
Bacteroides graminisolvens DSM 19988 ,Bacteroides_graminisolvens_DSM_19988,0.719,1.188,0.612,1.066
"Bacteroides intestinalis 341, DSM 17393",Bacteroides_intestinalis_341_DSM_17393,0.307,0.774,0.353,0.813
Bacteroides massiliensis B846dnLKV334 = Timone 84634 = DSM 17679 = JCM 13223,Bacteroides_massiliensis_B846dnLKV334,0.504,0.922,0.509,0.921
Bacteroides nordii CL02T12C05 ,Bacteroides_nordii_CL02T12C05,0.458,0.458,0.229,0.229
Bacteroides oleiciplenus YIT 12058,Bacteroides_oleiciplenus_YIT_12058,0.402,0.458,0.229,0.229
Bacteroides ovatus ATCC 8483,Bacteroides_ovatus_ATCC_8483,0.347,0.779,0.541,0.862
Bacteroides ovatus SD CC 2a,Bacteroides_ovatus_SD_CC_2a,0.225,0.673,0.271,0.716
Bacteroides ovatus SD CMC 3f,Bacteroides_ovatus_SD_CMC_3f,0.222,0.675,0.271,0.724
Bacteroides pectinophilus ATCC 43243,Bacteroides_pectinophilus_ATCC_43243,0.046,0.046,0.038,0.038
"Bacteroides plebeius M12, DSM 17135",Bacteroides_plebeius_M12_DSM_17135,0.117,0.335,0.078,0.157
Bacteroides pyogenes DSM20611,Bacteroides_pyogenes_DSM20611,0.472,0.553,0.465,0.555
Bacteroides salyersiae WAL 10018 = DSM 18765 = JCM 12988,Bacteroides_salyersiae_WAL_10018,0.463,0.895,0.472,0.904
Bacteroides sp. 1_1_14,Bacteroides_sp_1_1_14,0.166,0.401,0.151,0.368
Bacteroides sp. 1_1_30,Bacteroides_sp_1_1_30,0.137,0.401,0.131,0.389
Bacteroides sp. 1_1_6,Bacteroides_sp_1_1_6,0.120,0.382,0.113,0.364
Bacteroides sp. 2_1_22,Bacteroides_sp_2_1_22,0.116,0.348,0.108,0.332
Bacteroides sp. 2_1_33B,Bacteroides_sp_2_1_33B,0.079,0.315,0.054,0.261
Bacteroides sp. 2_1_7,Bacteroides_sp_2_1_7,0.090,0.331,0.057,0.243
Bacteroides sp. 2_2_4,Bacteroides_sp_2_2_4,0.172,0.485,0.165,0.469
Bacteroides sp. 20_3,Bacteroides_sp_20_3,0.105,0.316,0.070,0.223
Bacteroides sp. 3_1_19,Bacteroides_sp_3_1_19,0.078,0.301,0.053,0.222
Bacteroides sp. 3_1_23,Bacteroides_sp_3_1_23,0.116,0.397,0.109,0.383
Bacteroides sp. 3_1_33FAA,Bacteroides_sp_3_1_33FAA,0.135,0.477,0.111,0.413
Bacteroides sp. 3_1_40A,Bacteroides_sp_3_1_40A,0.113,0.428,0.096,0.376
Bacteroides sp. 3_2_5,Bacteroides_sp_3_2_5,0.097,0.329,0.090,0.317
Bacteroides sp. 4_1_36,Bacteroides_sp_4_1_36,0.063,0.239,0.045,0.204
Bacteroides sp. 4_3_47FAA,Bacteroides_sp_4_3_47FAA,0.134,0.508,0.111,0.452
Bacteroides sp. 9_1_42FAA,Bacteroides_sp_9_1_42FAA,0.314,0.764,0.288,0.734
Bacteroides sp. D1,Bacteroides_sp_D1,0.116,0.348,0.108,0.332
Bacteroides sp. D2,Bacteroides_sp_D2,0.160,0.414,0.154,0.399
Bacteroides sp. D20,Bacteroides_sp_D20,0.074,0.250,0.056,0.225
Bacteroides sp. D22,Bacteroides_sp_D22,0.116,0.397,0.109,0.382
Bacteroides stercoris ATCC 43183,Bacteroides_stercoris_ATCC_43183,0.425,0.688,0.351,0.688
Bacteroides thetaiotaomicron VPI-5482,Bacteroides_thetaiotaomicron_VPI_5482,0.444,0.926,0.482,0.963
Bacteroides timonensis AP1,Bacteroides_timonensis_AP1,0.509,0.965,0.548,1.009
Bacteroides uniformis ATCC 8492,Bacteroides_uniformis_ATCC_8492,0.165,0.409,0.138,0.409
Bacteroides ureolyticus DSM 20703,Bacteroides_ureolyticus_DSM_20703,0.027,0.163,0.035,0.174
Bacteroides vulgatus ATCC 8482,Bacteroides_vulgatus_ATCC_8482,0.506,0.944,0.520,0.957
Bacteroides xylanisolvens SD CC 1b,Bacteroides_xylanisolvens_SD_CC_1b,0.126,0.375,0.132,0.389
Bacteroides xylanisolvens XB1A,Bacteroides_xylanisolvens_XB1A,0.259,0.651,0.199,0.544
Barnesiella intestinihominis YIT 11860,Barnesiella_intestinihominis_YIT_11860,0.097,0.149,0.070,0.100
Bartonella quintana Toulouse,Bartonella_quintana_Toulouse,0.016,0.283,0.016,0.258
Bifidobacterium adolescentis ATCC 15703,Bifidobacterium_adolescentis_ATCC_15703,0.244,0.326,0.231,0.612
Bifidobacterium angulatum DSM 20098,Bifidobacterium_angulatum_DSM_20098,0.120,0.188,0.090,0.135
Bifidobacterium animalis lactis AD011,Bifidobacterium_animalis_lactis_AD011,0.045,0.047,0.045,0.047
Bifidobacterium animalis lactis BB-12,Bifidobacterium_animalis_lactis_BB_12,0.049,0.224,0.062,0.207
Bifidobacterium animalis lactis Bi-07,Bifidobacterium_animalis_lactis_Bi_07,0.038,0.173,0.050,0.161
"Bifidobacterium animalis lactis Bl-04, ATCC SD5219",Bifidobacterium_animalis_lactis_Bl_04_ATCC_SD5219,0.038,0.173,0.050,0.161
Bifidobacterium animalis lactis CNCM I-2494,Bifidobacterium_animalis_lactis_CNCM_I_2494,0.040,0.155,0.056,0.175
Bifidobacterium animalis lactis DSM 10140,Bifidobacterium_animalis_lactis_DSM_10140,0.038,0.173,0.050,0.161
Bifidobacterium animalis lactis V9,Bifidobacterium_animalis_lactis_V9,0.038,0.173,0.050,0.161
Bifidobacterium bifidum BGN4,Bifidobacterium_bifidum_BGN4,0.102,0.326,0.101,0.397
Bifidobacterium bifidum NCIMB 41171,Bifidobacterium_bifidum_NCIMB_41171,0.096,0.137,0.090,0.127
Bifidobacterium bifidum PRL2010,Bifidobacterium_bifidum_PRL2010,0.154,0.326,0.144,0.507
Bifidobacterium bifidum S17,Bifidobacterium_bifidum_S17,0.102,0.326,0.101,0.399
Bifidobacterium boum DSM 20432,Bifidobacterium_boum_DSM_20432,0.279,0.279,0.146,0.146
Bifidobacterium breve HPH0326,Bifidobacterium_breve_HPH0326,0.216,0.326,0.170,0.580
Bifidobacterium breve UCC2003 (NCIMB8807),Bifidobacterium_breve_UCC2003_NCIMB8807,0.247,0.326,0.218,0.624
Bifidobacterium catenulatum DSM 16992,Bifidobacterium_catenulatum_DSM_16992,0.066,0.099,0.061,0.090
Bifidobacterium coryneforme DSM 20216,Bifidobacterium_coryneforme_DSM_20216,0.210,0.454,0.209,0.229
Bifidobacterium dentium ATCC 27678,Bifidobacterium_dentium_ATCC_27678,0.173,0.326,0.110,0.388
Bifidobacterium gallicum DSM 20093,Bifidobacterium_gallicum_DSM_20093,0.120,0.122,0.095,0.098
Bifidobacterium kashiwanohense DSM 21854,Bifidobacterium_kashiwanohense_DSM_21854,0.272,0.368,0.229,0.229
Bifidobacterium longum DJO10A,Bifidobacterium_longum_DJO10A,0.126,0.326,0.147,0.576
Bifidobacterium longum E18,Bifidobacterium_longum_E18,0.123,0.326,0.153,0.502
Bifidobacterium longum infantis 157F-NC,Bifidobacterium_longum_infantis_157F_NC,0.037,0.063,0.034,0.054
Bifidobacterium longum infantis ATCC 15697,Bifidobacterium_longum_infantis_ATCC_15697,0.178,0.195,0.179,0.211
Bifidobacterium longum longum ATCC 55813,Bifidobacterium_longum_longum_ATCC_55813,0.054,0.102,0.055,0.100
Bifidobacterium longum longum BBMN68,Bifidobacterium_longum_longum_BBMN68,0.115,0.326,0.128,0.476
Bifidobacterium longum longum CCUG 52486,Bifidobacterium_longum_longum_CCUG_52486,0.064,0.114,0.065,0.111
Bifidobacterium longum longum JCM 1217,Bifidobacterium_longum_longum_JCM_1217,0.108,0.326,0.120,0.442
Bifidobacterium longum longum JDM301,Bifidobacterium_longum_longum_JDM301,0.174,0.326,0.174,0.494
Bifidobacterium longum NCC2705,Bifidobacterium_longum_NCC2705,0.068,0.094,0.079,0.103
Bifidobacterium mongoliense DSM 21395,Bifidobacterium_mongoliense_DSM_21395,0.315,0.458,0.218,0.229
Bifidobacterium pseudocatenulatum DSM 20438,Bifidobacterium_pseudocatenulatum_DSM_20438,0.117,0.117,0.088,0.088
Bifidobacterium pseudolongum subsp. Pseudolongum DSM 20099,Bifidobacterium_pseudolongum_subsp_Pseudolongum_DSM_20099,0.292,0.292,0.146,0.146
Bifidobacterium ruminantium DSM 6489,Bifidobacterium_ruminantium_DSM_6489,0.160,0.160,0.080,0.080
Bifidobacterium scardovii JCM 12489 = DSM 13734,Bifidobacterium_scardovii_JCM_12489,0.270,0.273,0.229,0.229
Bifidobacterium stercoris ATCC 43183,Bifidobacterium_stercoris_ATCC_43183,0.206,0.214,0.109,0.127
Bifidobacterium thermacidophilum subsp. thermacidophilum DSM 15837,Bifidobacterium_thermacidophilum_subsp_thermacidophilum_DSM_15837,0.160,0.160,0.080,0.080
Bifidobacterium thermophilum RBL67,Bifidobacterium_thermophilum_RBL67,0.212,0.458,0.130,0.229
Bilophila wadsworthia 3_1_6,Bilophila_wadsworthia_3_1_6,0.112,0.224,0.059,0.059
Blastococcus massiliensis AP3,Blastococcus_massiliensis_AP3,0.116,0.644,0.117,0.669
"Blautia hansenii VPI C7-24, DSM 20583",Blautia_hansenii_VPI_C7_24_DSM_20583,0.228,0.228,0.242,0.244
Blautia hydrogenotrophica DSM 10507,Blautia_hydrogenotrophica_DSM_10507,0.234,0.234,0.239,0.240
Blautia obeum ATCC 29174,Blautia_obeum_ATCC_29174,0.238,0.283,0.197,0.235
Blautia producta DSM 2950,Blautia_producta_DSM_2950,0.329,0.329,0.295,0.296
Blautia wexlerae DSM 19850,Blautia_wexlerae_DSM_19850,0.213,0.290,0.128,0.128
Bordetella hinzii OH87 BAL007II,Bordetella_hinzii_OH87_BAL007II,0.118,0.458,0.094,0.229
Brachybacterium paraconglomeratum LC44,Brachybacterium_paraconglomeratum_LC44,0.457,1.148,0.439,0.994
Brachyspira pilosicoli B2904,Brachyspira_pilosicoli_B2904,0.152,0.152,0.152,0.152
Bradyrhizobium elkanii USDA 76,Bradyrhizobium_elkanii_USDA_76,0.334,1.102,0.321,1.078
Brevibacillus agri 5-2,Brevibacillus_agri_5_2,0.319,0.431,0.307,0.435
Brevibacillus agri BAB-2500,Brevibacillus_agri_BAB_2500,0.307,0.427,0.296,0.431
Brevibacillus borstelensis AK1,Brevibacillus_borstelensis_AK1,0.206,0.328,0.186,0.317
Brevibacillus brevis NBRC 100599,Brevibacillus_brevis_NBRC_100599,0.364,0.497,0.360,0.494
Brevibacterium casei S18,Brevibacterium_casei_S18,0.294,0.820,0.325,0.838
Brevibacterium linens BL2,Brevibacterium_linens_BL2,0.093,0.536,0.069,0.509
Brevibacterium massiliense 5401308,Brevibacterium_massiliense_5401308,0.065,0.521,0.106,0.610
Brevundimonas bacteroides DSM 4726,Brevundimonas_bacteroides_DSM_4726,0.186,0.840,0.125,0.708
Brevundimonas diminuta 470-4,Brevundimonas_diminuta_470_4,0.103,0.693,0.136,0.811
Brochothrix thermosphacta DSM 20171 = FSL F6-1036,Brochothrix_thermosphacta_DSM_20171,0.446,0.530,0.444,0.522
Bulleidia extructa W1219,Bulleidia_extructa_W1219,0.294,0.348,0.269,0.352
Burkholderia cepacia GG4,Burkholderia_cepacia_GG4,0.459,1.223,0.459,1.221
Burkholderiales bacterium 1_1_47,Burkholderiales_bacterium_1_1_47,0.020,0.046,0.040,0.055
Butyricicoccus pullicaecorum 1.2,Butyricicoccus_pullicaecorum_1_2,0.360,0.409,0.313,0.358
Butyricimonas synergistica DSM 23225,Butyricimonas_synergistica_DSM_23225,0.326,0.326,0.326,0.326
Butyricimonas virosa DSM 23226,Butyricimonas_virosa_DSM_23226,0.326,0.326,0.493,0.511
Butyrivibrio crossotus DSM 2876,Butyrivibrio_crossotus_DSM_2876,0.212,0.212,0.120,0.120
Butyrivibrio fibrisolvens 16/4,Butyrivibrio_fibrisolvens_16_4,0.157,0.191,0.143,0.173
Campylobacter coli JV20,Campylobacter_coli_JV20,0.083,0.295,0.084,0.273
Campylobacter concisus 13826,Campylobacter_concisus_13826,0.021,0.061,0.035,0.067
Campylobacter curvus 525.92,Campylobacter_curvus_525_92,0.020,0.115,0.036,0.121
Campylobacter fetus subsp. fetus 82-40,Campylobacter_fetus_subsp_fetus_82_40,0.015,0.043,0.031,0.059
Campylobacter gracilis RM3268,Campylobacter_gracilis_RM3268,0.015,0.021,0.015,0.021
Campylobacter hominis ATCC BAA-381,Campylobacter_hominis_ATCC_BAA_381,0.015,0.038,0.017,0.038
Campylobacter hyointestinalis subsp. hyointestinalis LMG 9260,Campylobacter_hyointestinalis_subsp_hyointestinalis_LMG_9260,0.009,0.171,0.009,0.171
Campylobacter jejuni jejuni 81-176,Campylobacter_jejuni_jejuni_81_176,0.100,0.247,0.107,0.248
Campylobacter jejuni jejuni ICDCCJ07004,Campylobacter_jejuni_jejuni_ICDCCJ07004,0.102,0.248,0.109,0.249
Campylobacter jejuni jejuni M1,Campylobacter_jejuni_jejuni_M1,0.102,0.293,0.109,0.294
Campylobacter jejuni jejuni NCTC 11168,Campylobacter_jejuni_jejuni_NCTC_11168,0.100,0.263,0.107,0.264
Campylobacter lari RM2100,Campylobacter_lari_RM2100,0.014,0.234,0.014,0.229
Campylobacter rectus RM3267,Campylobacter_rectus_RM3267,0.009,0.009,0.009,0.009
Campylobacter showae CSUNSWCD,Campylobacter_showae_CSUNSWCD,0.009,0.009,0.010,0.010
Campylobacter upsaliensis JV21,Campylobacter_upsaliensis_JV21,0.039,0.209,0.047,0.210
Candidatus Nitrososphaera gargensis Ga9.2,Candidatus_Nitrososphaera_gargensis_Ga9_2,0.048,0.147,0.028,0.130
Capnocytophaga granulosa ATCC 51502,Capnocytophaga_granulosa_ATCC_51502,0.154,0.337,0.153,0.381
Capnocytophaga ochracea DSM 7271 ,Capnocytophaga_ochracea_DSM_7271,0.238,0.381,0.209,0.229
Capnocytophaga sputigena ATCC 33612,Capnocytophaga_sputigena_ATCC_33612,0.250,0.381,0.229,0.229
Catenibacterium mitsuokai DSM 15897,Catenibacterium_mitsuokai_DSM_15897,0.224,0.224,0.159,0.159
Cedecea davisae DSM 4568,Cedecea_davisae_DSM_4568,0.694,1.500,0.659,1.483
Cellulosilyticum lentocellum DSM 5427,Cellulosilyticum_lentocellum_DSM_5427,0.373,0.444,0.255,0.307
Cellulosimicrobium cellulans J36,Cellulosimicrobium_cellulans_J36,0.326,0.326,0.456,0.511
Cetobacterium somerae ATCC BAA-47401,Cetobacterium_somerae_ATCC_BAA_47401,0.326,0.326,0.478,0.494
Citrobacter amalonaticus Y19,Citrobacter_amalonaticus_Y19,0.919,1.521,0.930,1.539
Citrobacter freundii ATCC 8090 = MTCC 1658,Citrobacter_freundii_ATCC_8090,0.935,1.721,0.949,1.742
Citrobacter freundii UCI 31,Citrobacter_freundii_UCI_31,0.871,1.466,0.847,1.450
Citrobacter koseri ATCC BAA-895,Citrobacter_koseri_ATCC_BAA_895,0.694,1.404,0.691,1.402
Citrobacter sp. 30_2,Citrobacter_sp_30_2,0.680,1.311,0.666,1.292
Citrobacter youngae ATCC 29220,Citrobacter_youngae_ATCC_29220,0.686,1.317,0.668,1.294
Cloacibacillus evryensis DSM 19522,Cloacibacillus_evryensis_DSM_19522,0.101,0.122,0.080,0.102
Clostridiales sp. 1_7_47FAA,Clostridiales_sp_1_7_47FAA,0.416,0.416,0.381,0.381
Clostridium asparagiforme DSM 15981,Clostridium_asparagiforme_DSM_15981,0.464,0.539,0.460,0.523
Clostridium bartlettii DSM 16795,Clostridium_bartlettii_DSM_16795,0.232,0.261,0.207,0.217
Clostridium beijerinckii NCIMB 8052,Clostridium_beijerinckii_NCIMB_8052,0.722,0.892,0.642,0.792
Clostridium bifermentans ATCC 19299,Clostridium_bifermentans_ATCC_19299,0.310,0.310,0.307,0.307
Clostridium bolteae ATCC BAA-613,Clostridium_bolteae_ATCC_BAA_613,0.445,0.491,0.416,0.441
Clostridium botulinum A str. ATCC 19397,Clostridium_botulinum_A_str_ATCC_19397,0.348,0.348,0.424,0.424
Clostridium botulinum A str. ATCC 3502,Clostridium_botulinum_A_str_ATCC_3502,0.348,0.348,0.424,0.424
Clostridium botulinum A str. Hall,Clostridium_botulinum_A_str_Hall,0.348,0.348,0.424,0.424
Clostridium botulinum Bf,Clostridium_botulinum_Bf,0.348,0.348,0.424,0.424
Clostridium botulinum E1 str. BoNT E Beluga,Clostridium_botulinum_E1_str_BoNT_E_Beluga,0.574,0.574,0.477,0.477
Clostridium botulinum F str. 230613,Clostridium_botulinum_F_str_230613,0.348,0.348,0.424,0.424
Clostridium butyricum DSM 10702,Clostridium_butyricum_DSM_10702,0.605,0.605,0.605,0.605
Clostridium butyricum E4 str. BoNT E BL5262,Clostridium_butyricum_E4_str_BoNT_E_BL5262,0.527,0.527,0.479,0.527
Clostridium cadaveris AGR2141,Clostridium_cadaveris_AGR2141,0.348,0.348,0.558,0.585
Clostridium celatum DSM 1785,Clostridium_celatum_DSM_1785,0.432,0.432,0.424,0.424
Clostridium cellobioparum DSM 1351 = ATCC 15832,Clostridium_cellobioparum_DSM_1351,0.190,0.194,0.190,0.194
Clostridium citroniae WAL-17108,Clostridium_citroniae_WAL_17108,0.327,0.389,0.274,0.319
Clostridium clariflavum DSM 19732,Clostridium_clariflavum_DSM_19732,0.373,0.441,0.341,0.404
Clostridium clostridioforme CM201,Clostridium_clostridioforme_CM201,0.444,0.516,0.424,0.490
Clostridium difficile CD196,Clostridium_difficile_CD196,0.348,0.348,0.404,0.451
Clostridium difficile NAP07,Clostridium_difficile_NAP07,0.342,0.342,0.333,0.364
Clostridium difficile NAP08,Clostridium_difficile_NAP08,0.342,0.342,0.333,0.364
Clostridium difficile R20291,Clostridium_difficile_R20291,0.348,0.348,0.404,0.451
Clostridium glycolicum ATCC 14880 = DSM 1288,Clostridium_glycolicum_ATCC_14880,0.516,0.516,0.548,0.548
Clostridium hathewayi 12489931,Clostridium_hathewayi_12489931,0.416,0.491,0.286,0.355
Clostridium hathewayi DSM 13479,Clostridium_hathewayi_DSM_13479,0.369,0.482,0.255,0.342
Clostridium hiranonis TO-931 DSM 13275,Clostridium_hiranonis_TO_931_DSM_13275,0.081,0.081,0.061,0.061
Clostridium hylemonae DSM 15053,Clostridium_hylemonae_DSM_15053,0.244,0.271,0.265,0.281
Clostridium indolis DSM 755,Clostridium_indolis_DSM_755,0.330,0.406,0.192,0.192
Clostridium innocuum 2959,Clostridium_innocuum_2959,0.501,0.563,0.513,0.579
Clostridium leptum DSM 753,Clostridium_leptum_DSM_753,0.066,0.088,0.040,0.071
Clostridium methoxybenzovorans SR3,Clostridium_methoxybenzovorans_SR3,0.298,0.408,0.254,0.351
"Clostridium methylpentosum R2, DSM 5476",Clostridium_methylpentosum_R2_DSM_5476,0.069,0.089,0.054,0.093
Clostridium nexile DSM 1787,Clostridium_nexile_DSM_1787,0.146,0.177,0.080,0.080
Clostridium paraputrificum AGR2156,Clostridium_paraputrificum_AGR2156,0.563,0.563,0.466,0.467
Clostridium perfringens ATCC 13124,Clostridium_perfringens_ATCC_13124,0.348,0.348,0.424,0.424
"Clostridium ramosum VPI 0427, DSM 1402",Clostridium_ramosum_VPI_0427_DSM_1402,0.207,0.239,0.190,0.228
Clostridium saccharogumia DSM 17460,Clostridium_saccharogumia_DSM_17460,0.307,0.397,0.262,0.344
Clostridium saccharoperbutylacetonicum N1-4(HMT),Clostridium_saccharoperbutylacetonicum_N1_4_HMT,0.591,0.796,0.479,0.664
Clostridium sartagoforme AAU1,Clostridium_sartagoforme_AAU1,0.455,0.455,0.302,0.302
Clostridium scindens ATCC 35704,Clostridium_scindens_ATCC_35704,0.240,0.248,0.244,0.249
Clostridium sordellii ATCC 9714,Clostridium_sordellii_ATCC_9714,0.348,0.348,0.463,0.463
Clostridium sp M62/1,Clostridium_sp_M62_1,0.303,0.303,0.080,0.080
Clostridium sp. 7_2_43FAA,Clostridium_sp_7_2_43FAA,0.376,0.376,0.320,0.320
Clostridium sp. L2-50,Clostridium_sp_L2_50,0.031,0.035,0.019,0.023
Clostridium sp. SS2/1,Clostridium_sp_SS2_1,0.191,0.246,0.146,0.175
Clostridium sp. SY8519,Clostridium_sp_SY8519,0.081,0.101,0.046,0.057
Clostridium spiroforme DSM 1552,Clostridium_spiroforme_DSM_1552,0.121,0.130,0.110,0.123
Clostridium sporogenes ATCC 15579,Clostridium_sporogenes_ATCC_15579,0.348,0.348,0.400,0.411
Clostridium sporosphaeroides DSM 1294,Clostridium_sporosphaeroides_DSM_1294,0.157,0.157,0.157,0.157
Clostridium sticklandii DSM 519,Clostridium_sticklandii_DSM_519,0.413,0.433,0.372,0.420
Clostridium symbiosum ATCC 14940,Clostridium_symbiosum_ATCC_14940,0.351,0.385,0.128,0.128
Clostridium symbiosum WAL-14163,Clostridium_symbiosum_WAL_14163,0.132,0.146,0.146,0.156
Clostridium symbiosum WAL-14673,Clostridium_symbiosum_WAL_14673,0.132,0.146,0.147,0.156
Clostridium tyrobutyricum DSM 2637 = ATCC 25755 = JCM 11008,Clostridium_tyrobutyricum_DSM_2637,0.232,0.250,0.212,0.223
Clostridium viride DSM 6836,Clostridium_viride_DSM_6836,0.141,0.234,0.138,0.215
Collinsella aerofaciens ATCC 25986,Collinsella_aerofaciens_ATCC_25986,0.119,0.150,0.079,0.113
Collinsella intestinalis DSM 13280,Collinsella_intestinalis_DSM_13280,0.099,0.122,0.069,0.091
Collinsella stercoris DSM 13279,Collinsella_stercoris_DSM_13279,0.142,0.156,0.101,0.118
Collinsella tanakaei YIT 12063,Collinsella_tanakaei_YIT_12063,0.335,0.381,0.331,0.383
Coprobacillus sp. 29_1,Coprobacillus_sp_29_1,0.183,0.183,0.163,0.163
Coprobacillus sp. D7,Coprobacillus_sp_D7,0.220,0.371,0.177,0.303
Coprococcus catus GD/7,Coprococcus_catus_GD_7,0.225,0.330,0.205,0.311
Coprococcus comes ATCC 27758,Coprococcus_comes_ATCC_27758,0.280,0.341,0.281,0.312
Coprococcus eutactus ATCC 27759,Coprococcus_eutactus_ATCC_27759,0.224,0.254,0.220,0.252
Corynebacterium ammoniagenes DSM 20306,Corynebacterium_ammoniagenes_DSM_20306,0.146,0.292,0.122,0.146
Corynebacterium amycolatum SK46,Corynebacterium_amycolatum_SK46,0.203,0.292,0.146,0.146
Corynebacterium aurimucosum ATCC 700975,Corynebacterium_aurimucosum_ATCC_700975,0.254,0.458,0.229,0.229
Corynebacterium durum F0235,Corynebacterium_durum_F0235,0.282,0.458,0.229,0.229
Corynebacterium glucuronolyticum ATCC 51867,Corynebacterium_glucuronolyticum_ATCC_51867,0.267,0.362,0.274,0.354
Corynebacterium kroppenstedtii DSM 44385,Corynebacterium_kroppenstedtii_DSM_44385,0.229,0.458,0.204,0.229
Corynebacterium propinquum DSM 44285,Corynebacterium_propinquum_DSM_44285,0.110,0.458,0.118,0.229
Corynebacterium striatum ATCC 6940,Corynebacterium_striatum_ATCC_6940,0.337,0.458,0.229,0.229
Corynebacterium tuberculostearicum SK141,Corynebacterium_tuberculostearicum_SK141,0.188,0.248,0.164,0.205
Corynebacterium ulcerans 809,Corynebacterium_ulcerans_809,0.233,0.339,0.245,0.346
Corynebacterium ureicelerivorans,Corynebacterium_ureicelerivorans,0.163,0.458,0.148,0.229
Cronobacter sakazakii ATCC BAA-894,Cronobacter_sakazakii_ATCC_BAA_894,0.559,1.374,0.558,1.349
Cryptobacterium curtum DSM 15641,Cryptobacterium_curtum_DSM_15641,0.026,0.039,0.027,0.039
Curtobacterium flaccumfaciens UCD-AKU,Curtobacterium_flaccumfaciens_UCD_AKU,0.202,0.737,0.171,0.685
Delftia acidovorans SPH-1,Delftia_acidovorans_SPH_1,0.436,1.063,0.395,1.048
Dermacoccus nishinomiyaensis,Dermacoccus_nishinomiyaensis,0.380,0.831,0.385,0.834
Desulfovibrio desulfuricans subsp. desulfuricans DSM 642,Desulfovibrio_desulfuricans_subsp_desulfuricans_DSM_642,0.255,0.738,0.288,0.738
Desulfovibrio piger ATCC 29098,Desulfovibrio_piger_ATCC_29098,0.105,0.217,0.091,0.199
Desulfovibrio sp. 3_1_syn3,Desulfovibrio_sp_3_1_syn3,0.067,0.116,0.087,0.145
Dialister invisus DSM 15470,Dialister_invisus_DSM_15470,0.011,0.016,0.021,0.026
Dialister succinatiphilus YIT 11850,Dialister_succinatiphilus_YIT_11850,0.088,0.088,0.110,0.114
Dietzia cinnamea P4,Dietzia_cinnamea_P4,0.146,0.672,0.210,0.761
Dorea formicigenerans ATCC 27755,Dorea_formicigenerans_ATCC_27755,0.285,0.363,0.252,0.310
Dorea longicatena DSM 13814,Dorea_longicatena_DSM_13814,0.291,0.344,0.269,0.321
Dysgonomonas gadei ATCC BAA-286,Dysgonomonas_gadei_ATCC_BAA_286,0.668,1.146,0.569,1.031
Edwardsiella tarda ATCC 23685,Edwardsiella_tarda_ATCC_23685,0.501,0.961,0.555,0.973
Edwardsiella tarda FL6-60,Edwardsiella_tarda_FL6_60,0.326,0.326,0.615,1.063
Eggerthella lenta DSM 2243,Eggerthella_lenta_DSM_2243,0.043,0.056,0.056,0.066
Eggerthella sp. 1_3_56FAA,Eggerthella_sp_1_3_56FAA,0.052,0.141,0.067,0.148
Eggerthella sp. YY7918,Eggerthella_sp_YY7918,0.031,0.073,0.040,0.082
Eggerthia catenaformis OT 569 = DSM 20559,Eggerthia_catenaformis_OT_569,0.348,0.348,0.353,0.424
Eikenella corrodens ATCC 23834,Eikenella_corrodens_ATCC_23834,0.104,0.472,0.106,0.311
Enterobacter aerogenes KCTC 2190,Enterobacter_aerogenes_KCTC_2190,0.786,1.589,0.852,1.632
Enterobacter asburiae LF7a,Enterobacter_asburiae_LF7a,0.815,1.627,0.870,1.656
Enterobacter cancerogenus ATCC 35316,Enterobacter_cancerogenus_ATCC_35316,0.494,1.220,0.480,1.177
Enterobacter cloacae EcWSU1,Enterobacter_cloacae_EcWSU1,0.828,1.636,0.873,1.659
Enterobacter hormaechei YT2,Enterobacter_hormaechei_YT2,0.816,1.635,0.870,1.671
Enterobacter hormaechei YT3,Enterobacter_hormaechei_YT3,0.796,1.460,0.852,1.494
Enterobacteriaceae bacterium 9_2_54FAA,Enterobacteriaceae_bacterium_9_2_54FAA,0.533,1.172,0.513,1.138
Enterococcus asini ATCC 700915,Enterococcus_asini_ATCC_700915,0.442,0.555,0.333,0.439
Enterococcus avium ATCC 14025,Enterococcus_avium_ATCC_14025,0.359,0.472,0.341,0.452
Enterococcus caccae ATCC BAA-1240,Enterococcus_caccae_ATCC_BAA_1240,0.376,0.442,0.381,0.448
Enterococcus casseliflavus ATCC 12755,Enterococcus_casseliflavus_ATCC_12755,0.253,0.330,0.210,0.274
Enterococcus cecorum DSM 20682 = ATCC 43198,Enterococcus_cecorum_DSM_20682,0.308,0.390,0.318,0.398
Enterococcus dispar ATCC 51266,Enterococcus_dispar_ATCC_51266,0.313,0.404,0.274,0.355
Enterococcus durans ATCC 6056,Enterococcus_durans_ATCC_6056,0.329,0.348,0.327,0.407
"Enterococcus faecalis OG1RF, ATCC 47077",Enterococcus_faecalis_OG1RF_ATCC_47077,0.306,0.343,0.271,0.343
Enterococcus faecalis TX0104,Enterococcus_faecalis_TX0104,0.298,0.371,0.252,0.453
Enterococcus faecalis TX1322,Enterococcus_faecalis_TX1322,0.284,0.342,0.240,0.421
Enterococcus faecalis TX2134,Enterococcus_faecalis_TX2134,0.217,0.342,0.174,0.403
Enterococcus faecalis V583,Enterococcus_faecalis_V583,0.306,0.343,0.271,0.343
Enterococcus faecium TX1330,Enterococcus_faecium_TX1330,0.187,0.187,0.153,0.178
Enterococcus gallinarum EG2,Enterococcus_gallinarum_EG2,0.332,0.421,0.286,0.362
Enterococcus hirae ATCC 9790,Enterococcus_hirae_ATCC_9790,0.334,0.334,0.330,0.334
Enterococcus phoeniculicola ATCC BAA-412,Enterococcus_phoeniculicola_ATCC_BAA_412,0.242,0.304,0.192,0.230
Enterococcus saccharolyticus DSM8903,Enterococcus_saccharolyticus_DSM8903,0.182,0.197,0.121,0.132
Enterococcus sp. 7L76,Enterococcus_sp_7L76,0.225,0.342,0.185,0.405
Erysipelotrichaceae bacterium 5_2_54FAA,Erysipelotrichaceae_bacterium_5_2_54FAA,0.202,0.202,0.174,0.174
Erysipelotrichaceae bacterium sp. 3_1_53,Erysipelotrichaceae_bacterium_sp_3_1_53,0.119,0.141,0.083,0.103
Escherichia albertii KF1,Escherichia_albertii_KF1,0.869,1.427,0.898,1.465
Escherichia albertii TW07627,Escherichia_albertii_TW07627,0.920,1.661,0.984,1.733
Escherichia coli O157:H7 str. Sakai,Escherichia_coli_O157_H7_str_Sakai,0.678,1.320,0.669,1.313
Escherichia coli SE11,Escherichia_coli_SE11,0.708,1.369,0.697,1.363
Escherichia coli str. K-12 substr. MG1655,Escherichia_coli_str_K_12_substr_MG1655,0.675,1.317,0.669,1.314
Escherichia coli UTI89 (UPEC),Escherichia_coli_UTI89_UPEC,0.631,1.259,0.624,1.249
Escherichia fergusonii ATCC 35469,Escherichia_fergusonii_ATCC_35469,1.026,1.787,1.052,1.822
Escherichia hermannii NBRC 105704,Escherichia_hermannii_NBRC_105704,0.458,0.458,0.229,0.229
Escherichia sp. 1_1_43,Escherichia_sp_1_1_43,0.182,0.182,0.117,0.117
Escherichia sp. 3_2_53FAA,Escherichia_sp_3_2_53FAA,0.622,1.249,0.614,1.232
Escherichia sp. 4_1_40B,Escherichia_sp_4_1_40B,0.645,1.310,0.640,1.311
Eubacterium biforme DSM 3989,Eubacterium_biforme_DSM_3989,0.194,0.232,0.162,0.193
Eubacterium brachy ATCC 33089,Eubacterium_brachy_ATCC_33089,0.196,0.196,0.243,0.243
Eubacterium cellulosolvens 6,Eubacterium_cellulosolvens_6,0.157,0.161,0.174,0.178
Eubacterium cylindroides T2-87,Eubacterium_cylindroides_T2_87,0.171,0.230,0.134,0.167
Eubacterium desmolans ATCC 43058,Eubacterium_desmolans_ATCC_43058,0.228,0.328,0.128,0.128
Eubacterium dolichum DSM 3991,Eubacterium_dolichum_DSM_3991,0.342,0.342,0.204,0.204
Eubacterium eligens ATCC 27750,Eubacterium_eligens_ATCC_27750,0.376,0.428,0.128,0.128
Eubacterium hallii DSM 3353,Eubacterium_hallii_DSM_3353,0.145,0.190,0.114,0.150
Eubacterium hallii L2-7,Eubacterium_hallii_L2_7,0.272,0.272,0.128,0.128
Eubacterium limosum KIST612,Eubacterium_limosum_KIST612,0.348,0.348,0.336,0.500
Eubacterium ramulus ATCC 29099,Eubacterium_ramulus_ATCC_29099,0.192,0.345,0.128,0.128
Eubacterium rectale ATCC 33656,Eubacterium_rectale_ATCC_33656,0.348,0.348,0.327,0.390
Eubacterium rectale M104/1,Eubacterium_rectale_M104_1,0.319,0.373,0.238,0.281
Eubacterium saphenum ATCC 49989,Eubacterium_saphenum_ATCC_49989,0.028,0.028,0.028,0.028
Eubacterium siraeum 70/3,Eubacterium_siraeum_70_3,0.119,0.150,0.049,0.064
Eubacterium siraeum DSM 15702,Eubacterium_siraeum_DSM_15702,0.145,0.180,0.058,0.068
Eubacterium sulci ATCC 35585,Eubacterium_sulci_ATCC_35585,0.277,0.314,0.260,0.315
Eubacterium ventriosum ATCC 27560,Eubacterium_ventriosum_ATCC_27560,0.135,0.155,0.116,0.131
Exiguobacterium aurantiacum DSM 6208,Exiguobacterium_aurantiacum_DSM_6208,0.416,0.536,0.357,0.492
Faecalibacterium cf. prausnitzii KLE1255,Faecalibacterium_cf_prausnitzii_KLE1255,0.120,0.131,0.127,0.141
Faecalibacterium prausnitzii L2-6,Faecalibacterium_prausnitzii_L2_6,0.295,0.375,0.225,0.269
Faecalibacterium prausnitzii M21/2,Faecalibacterium_prausnitzii_M21_2,0.384,0.461,0.304,0.395
Faecalibacterium prausnitzii SL3/3,Faecalibacterium_prausnitzii_SL3_3,0.334,0.428,0.257,0.335
Filifactor alocis ATCC 35896,Filifactor_alocis_ATCC_35896,0.105,0.116,0.102,0.112
Finegoldia magna ATCC 29328,Finegoldia_magna_ATCC_29328,0.087,0.087,0.080,0.080
Flavonifractor plautii ATCC 29863,Flavonifractor_plautii_ATCC_29863,0.160,0.193,0.147,0.181
Fusobacterium gonidiaformans 3-1-5R,Fusobacterium_gonidiaformans_3_1_5R,0.170,0.170,0.093,0.093
Fusobacterium gonidiaformans ATCC 25563,Fusobacterium_gonidiaformans_ATCC_25563,0.170,0.170,0.093,0.093
Fusobacterium mortiferum ATCC 9817,Fusobacterium_mortiferum_ATCC_9817,0.338,0.382,0.291,0.324
Fusobacterium necrophorum D12,Fusobacterium_necrophorum_D12,0.202,0.253,0.181,0.213
Fusobacterium nucleatum subsp. animalis 3_1_33,Fusobacterium_nucleatum_subsp_animalis_3_1_33,0.169,0.200,0.150,0.171
Fusobacterium nucleatum subsp. animalis 7_1,Fusobacterium_nucleatum_subsp_animalis_7_1,0.169,0.200,0.150,0.171
Fusobacterium nucleatum subsp. animalis D11,Fusobacterium_nucleatum_subsp_animalis_D11,0.177,0.199,0.155,0.170
Fusobacterium nucleatum subsp. vincentii 3_1_27,Fusobacterium_nucleatum_subsp_vincentii_3_1_27,0.209,0.232,0.199,0.211
Fusobacterium nucleatum subsp. vincentii 3_1_36A2,Fusobacterium_nucleatum_subsp_vincentii_3_1_36A2,0.289,0.326,0.271,0.299
Fusobacterium nucleatum subsp. vincentii 4_1_13,Fusobacterium_nucleatum_subsp_vincentii_4_1_13,0.203,0.231,0.197,0.210
Fusobacterium periodonticum 1_1_41FAA,Fusobacterium_periodonticum_1_1_41FAA,0.181,0.211,0.153,0.172
Fusobacterium periodonticum 2_1_31,Fusobacterium_periodonticum_2_1_31,0.144,0.163,0.137,0.153
Fusobacterium russii ATCC 25533,Fusobacterium_russii_ATCC_25533,0.326,0.326,0.229,0.229
Fusobacterium sp. 4_8,Fusobacterium_sp_4_8,0.248,0.296,0.222,0.258
Fusobacterium ulcerans ATCC 49185,Fusobacterium_ulcerans_ATCC_49185,0.317,0.342,0.270,0.307
Fusobacterium varium ATCC 27725,Fusobacterium_varium_ATCC_27725,0.281,0.325,0.233,0.273
Gemella haemolysans ATCC 10379,Gemella_haemolysans_ATCC_10379,0.153,0.273,0.171,0.240
Gemella moribillum M424,Gemella_moribillum_M424,0.188,0.246,0.177,0.220
Gemella sanguinis ATCC700632,Gemella_sanguinis_ATCC700632,0.308,0.348,0.317,0.396
Gemella sanguinis M325,Gemella_sanguinis_M325,0.180,0.245,0.147,0.206
Geobacillus vulcani PSS1,Geobacillus_vulcani_PSS1,0.489,0.587,0.425,0.525
Gordonia rubripertincta NBRC 101908,Gordonia_rubripertincta_NBRC_101908,0.173,0.922,0.202,0.951
Gordonia terrae C-6,Gordonia_terrae_C_6,0.436,1.077,0.455,1.098
Gordonia terrae NBRC 100016,Gordonia_terrae_NBRC_100016,0.456,0.920,0.419,0.899
"Gordonibacter pamelaeae 7-10-1-bT, DSM 19378",Gordonibacter_pamelaeae_7_10_1_bT_DSM_19378,0.017,0.075,0.026,0.084
Granulicatella adiacens ATCC 49175,Granulicatella_adiacens_ATCC_49175,0.262,0.304,0.239,0.265
Granulicatella elegans ATCC 700633,Granulicatella_elegans_ATCC_700633,0.281,0.330,0.264,0.297
Grimontia hollisae CIP 101886,Grimontia_hollisae_CIP_101886,0.458,0.458,0.229,0.229
Haemophilus haemolyticus M19501,Haemophilus_haemolyticus_M19501,0.255,0.458,0.229,0.229
Haemophilus parainfluenzae T3T1,Haemophilus_parainfluenzae_T3T1,0.286,0.710,0.277,0.681
Haemophilus sputorum CCUG 13788,Haemophilus_sputorum_CCUG_13788,0.307,0.458,0.229,0.229
Hafnia alvei ATCC 51873,Hafnia_alvei_ATCC_51873,0.458,0.458,0.229,0.229
Hafnia alvei BIDMC 31,Hafnia_alvei_BIDMC_31,0.812,1.371,0.804,1.365
Halococcus morrhuae DSM1307,Halococcus_morrhuae_DSM1307,0.072,0.132,0.064,0.106
Helicobacter bilis ATCC 43879,Helicobacter_bilis_ATCC_43879,0.037,0.199,0.045,0.203
Helicobacter canadensis MIT 98-5491,Helicobacter_canadensis_MIT_98_5491,0.048,0.325,0.072,0.366
Helicobacter cinaedi CCUG 18818,Helicobacter_cinaedi_CCUG_18818,0.040,0.122,0.055,0.126
Helicobacter pullorum MIT 98-5489,Helicobacter_pullorum_MIT_98_5489,0.040,0.106,0.050,0.106
Helicobacter pylori 26695,Helicobacter_pylori_26695,0.021,0.191,0.030,0.168
Helicobacter winghamensis ATCC BAA-430,Helicobacter_winghamensis_ATCC_BAA_430,0.018,0.055,0.018,0.055
"Holdemania filiformis VPI J1-31B-1, DSM 12042",Holdemania_filiformis_VPI_J1_31B_1_DSM_12042,0.195,0.265,0.178,0.257
Kallipyga massiliensis ph2,Kallipyga_massiliensis_ph2,0.281,0.348,0.245,0.316
Kandleria vitulina DSM 20405,Kandleria_vitulina_DSM_20405,0.437,0.550,0.321,0.431
Kingella oralis ATCC 51147,Kingella_oralis_ATCC_51147,0.122,0.458,0.098,0.229
Klebsiella pneumoniae pneumoniae MGH78578,Klebsiella_pneumoniae_pneumoniae_MGH78578,0.503,1.196,0.528,1.182
Klebsiella sp. 1_1_55,Klebsiella_sp_1_1_55,0.542,1.204,0.540,1.170
Kluyvera ascorbata  ATCC 33433,Kluyvera_ascorbata_ATCC_33433,0.458,0.458,0.229,0.229
Kocuria palustris PEL,Kocuria_palustris_PEL,0.301,0.458,0.229,0.229
Kocuria rhizophila DC2201,Kocuria_rhizophila_DC2201,0.207,0.458,0.177,0.229
Kurthia massiliensis  JC30,Kurthia_massiliensis_JC30,0.308,0.417,0.306,0.441
Kytococcus sedentarius DSM 20547,Kytococcus_sedentarius_DSM_20547,0.240,0.855,0.273,0.886
Lachnospira multipara ATCC 19207,Lachnospira_multipara_ATCC_19207,0.279,0.316,0.252,0.288
Lachnospiraceae bacterium sp. 5_1_63FAA,Lachnospiraceae_bacterium_sp_5_1_63FAA,0.178,0.235,0.119,0.151
Lachnospiraceae bacterium sp. 8_1_57FAA,Lachnospiraceae_bacterium_sp_8_1_57FAA,0.043,0.043,0.032,0.032
Lactobacillus acidophilus ATCC 4796,Lactobacillus_acidophilus_ATCC_4796,0.081,0.147,0.055,0.109
Lactobacillus acidophilus NCFM,Lactobacillus_acidophilus_NCFM,0.161,0.312,0.134,0.289
Lactobacillus amylolyticus DSM 11664,Lactobacillus_amylolyticus_DSM_11664,0.061,0.079,0.053,0.083
Lactobacillus amylovorus GRL 1112,Lactobacillus_amylovorus_GRL_1112,0.288,0.348,0.181,0.216
Lactobacillus animalis KCTC 3501,Lactobacillus_animalis_KCTC_3501,0.342,0.348,0.309,0.378
Lactobacillus antri DSM 16041,Lactobacillus_antri_DSM_16041,0.075,0.257,0.071,0.257
Lactobacillus brevis ATCC 367,Lactobacillus_brevis_ATCC_367,0.121,0.342,0.084,0.350
Lactobacillus brevis subsp. gravesensis ATCC 27305,Lactobacillus_brevis_subsp_gravesensis_ATCC_27305,0.087,0.323,0.051,0.220
Lactobacillus buchneri ATCC 11577,Lactobacillus_buchneri_ATCC_11577,0.082,0.288,0.052,0.189
Lactobacillus casei ATCC 334,Lactobacillus_casei_ATCC_334,0.114,0.342,0.078,0.301
Lactobacillus casei casei BL23,Lactobacillus_casei_casei_BL23,0.111,0.342,0.076,0.300
Lactobacillus coleohominis 101-4-CHN,Lactobacillus_coleohominis_101_4_CHN,0.174,0.174,0.149,0.149
Lactobacillus coryniformis subsp. coryniformis CECT 5711,Lactobacillus_coryniformis_subsp_coryniformis_CECT_5711,0.208,0.238,0.180,0.186
Lactobacillus crispatus 125-2-CHN,Lactobacillus_crispatus_125_2_CHN,0.110,0.247,0.077,0.189
Lactobacillus curvatus CRL 705,Lactobacillus_curvatus_CRL_705,0.203,0.245,0.166,0.190
Lactobacillus delbrueckii subsp. bulgaricus ATCC 11842,Lactobacillus_delbrueckii_subsp_bulgaricus_ATCC_11842,0.144,0.166,0.126,0.170
Lactobacillus delbrueckii subsp. bulgaricus ATCC BAA-365,Lactobacillus_delbrueckii_subsp_bulgaricus_ATCC_BAA_365,0.053,0.079,0.035,0.074
Lactobacillus fermentum ATCC 14931,Lactobacillus_fermentum_ATCC_14931,0.078,0.309,0.068,0.234
Lactobacillus fermentum IFO 3956,Lactobacillus_fermentum_IFO_3956,0.092,0.323,0.074,0.218
Lactobacillus gasseri ATCC 33323,Lactobacillus_gasseri_ATCC_33323,0.261,0.348,0.155,0.334
Lactobacillus gastricus PS3,Lactobacillus_gastricus_PS3,0.113,0.125,0.071,0.086
Lactobacillus helveticus DPC 4571,Lactobacillus_helveticus_DPC_4571,0.150,0.150,0.118,0.118
Lactobacillus helveticus DSM 20075,Lactobacillus_helveticus_DSM_20075,0.094,0.094,0.066,0.066
Lactobacillus hilgardii ATCC 8290,Lactobacillus_hilgardii_ATCC_8290,0.078,0.278,0.051,0.186
Lactobacillus iners DSM 13335,Lactobacillus_iners_DSM_13335,0.148,0.155,0.124,0.138
Lactobacillus jensenii 1153,Lactobacillus_jensenii_1153,0.120,0.123,0.090,0.100
Lactobacillus johnsonii DPC 6026,Lactobacillus_johnsonii_DPC_6026,0.151,0.293,0.116,0.236
Lactobacillus johnsonii NCC 533,Lactobacillus_johnsonii_NCC_533,0.155,0.329,0.119,0.297
Lactobacillus mucosae LM1,Lactobacillus_mucosae_LM1,0.177,0.196,0.162,0.192
Lactobacillus oris F0423,Lactobacillus_oris_F0423,0.281,0.290,0.255,0.265
Lactobacillus paracasei subsp. paracasei 8700:2,Lactobacillus_paracasei_subsp_paracasei_8700_2,0.093,0.342,0.054,0.232
Lactobacillus paracasei subsp. paracasei ATCC 25302,Lactobacillus_paracasei_subsp_paracasei_ATCC_25302,0.087,0.342,0.047,0.228
Lactobacillus pentosus KCA1,Lactobacillus_pentosus_KCA1,0.206,0.261,0.172,0.195
Lactobacillus plantarum JDM1,Lactobacillus_plantarum_JDM1,0.188,0.348,0.179,0.424
Lactobacillus plantarum subsp. plantarum ATCC 14917,Lactobacillus_plantarum_subsp_plantarum_ATCC_14917,0.147,0.342,0.112,0.339
Lactobacillus plantarum WCFS1,Lactobacillus_plantarum_WCFS1,0.198,0.371,0.188,0.425
Lactobacillus reuteri CF48-3A ,Lactobacillus_reuteri_CF48_3A_,0.070,0.279,0.062,0.207
"Lactobacillus reuteri F275, JCM 1112",Lactobacillus_reuteri_F275_JCM_1112,0.070,0.278,0.064,0.213
Lactobacillus reuteri MM2-3 ,Lactobacillus_reuteri_MM2_3_,0.081,0.287,0.070,0.246
Lactobacillus reuteri MM4-1A ,Lactobacillus_reuteri_MM4_1A_,0.171,0.332,0.169,0.332
"Lactobacillus reuteri SD2112, ATCC 55730",Lactobacillus_reuteri_SD2112_ATCC_55730,0.076,0.279,0.067,0.206
"Lactobacillus rhamnosus GG, ATCC 53103",Lactobacillus_rhamnosus_GG_ATCC_53103,0.186,0.348,0.162,0.424
Lactobacillus rhamnosus LMS2-1,Lactobacillus_rhamnosus_LMS2_1,0.106,0.342,0.064,0.216
Lactobacillus ruminis ATCC 25644,Lactobacillus_ruminis_ATCC_25644,0.071,0.077,0.052,0.068
Lactobacillus sakei subsp. sakei 23K,Lactobacillus_sakei_subsp_sakei_23K,0.188,0.201,0.152,0.192
"Lactobacillus salivarius HO66, ATCC 11741",Lactobacillus_salivarius_HO66_ATCC_11741,0.085,0.342,0.072,0.302
Lactobacillus salivarius salivarius UCC118,Lactobacillus_salivarius_salivarius_UCC118,0.121,0.342,0.105,0.410
Lactobacillus ultunensis DSM 16047,Lactobacillus_ultunensis_DSM_16047,0.148,0.331,0.124,0.269
Lactobacillus vaginalis ATCC 49540,Lactobacillus_vaginalis_ATCC_49540,0.078,0.097,0.058,0.079
Lactococcus garvieae ATCC 49156,Lactococcus_garvieae_ATCC_49156,0.348,0.348,0.362,0.455
Lactococcus raffinolactis 4877,Lactococcus_raffinolactis_4877,0.389,0.490,0.285,0.360
Laribacter hongkongensis HLHK9,Laribacter_hongkongensis_HLHK9,0.080,0.400,0.078,0.720
Lautropia mirabilis ATCC 51599,Lautropia_mirabilis_ATCC_51599,0.222,0.458,0.228,0.229
Leminorella grimontii ATCC 33999 = DSM 5078,Leminorella_grimontii_ATCC_33999,0.412,0.908,0.425,0.890
Leptotrichia buccalis C-1013-b,Leptotrichia_buccalis_C_1013_b,0.471,0.566,0.464,0.611
Leuconostoc argentinum KCTC 3773,Leuconostoc_argentinum_KCTC_3773,0.189,0.201,0.153,0.163
Leuconostoc gelidum JB7,Leuconostoc_gelidum_JB7,0.191,0.212,0.154,0.174
Leuconostoc mesenteroides subsp. cremoris ATCC 19254,Leuconostoc_mesenteroides_subsp_cremoris_ATCC_19254,0.059,0.163,0.047,0.147
Listeria grayi DSM 20601,Listeria_grayi_DSM_20601,0.299,0.736,0.174,0.522
Listeria monocytogenes 4a L99,Listeria_monocytogenes_4a_L99,0.165,0.432,0.153,0.410
Listeria monocytogenes 4b F2365,Listeria_monocytogenes_4b_F2365,0.189,0.432,0.172,0.592
Listeria monocytogenes Finland 1988,Listeria_monocytogenes_Finland_1988,0.189,0.432,0.172,0.592
Listeria monocytogenes FSL R2-561,Listeria_monocytogenes_FSL_R2_561,0.189,0.432,0.172,0.592
"Listeria monocytogenes J0161, FSL R2-499",Listeria_monocytogenes_J0161_FSL_R2_499,0.189,0.432,0.172,0.592
Listeria monocytogenes serotype 7 SLCC 2482,Listeria_monocytogenes_serotype_7_SLCC_2482,0.189,0.432,0.172,0.591
Listeria monocytogenes SLCC 2378,Listeria_monocytogenes_SLCC_2378,0.189,0.432,0.172,0.592
Listeria monocytogenes SLCC 2540,Listeria_monocytogenes_SLCC_2540,0.189,0.432,0.172,0.592
Listeria monocytogenes SLCC 7179,Listeria_monocytogenes_SLCC_7179,0.189,0.432,0.172,0.592
Lysinibacillus fusiformis ZB2,Lysinibacillus_fusiformis_ZB2,0.321,0.388,0.332,0.460
Lysinibacillus sphaericus C3-41,Lysinibacillus_sphaericus_C3_41,0.248,0.380,0.248,0.407
"Marvinbryantia formatexigens I-52, DSM 14469",Marvinbryantia_formatexigens_I_52_DSM_14469,0.143,0.144,0.097,0.097
Megamonas funiformis YIT 11815,Megamonas_funiformis_YIT_11815,0.778,1.120,0.777,1.120
Megamonas hypermegale ART12/1,Megamonas_hypermegale_ART12_1,0.406,0.782,0.383,0.773
Megasphaera elsdenii DSM 20460,Megasphaera_elsdenii_DSM_20460,0.163,0.211,0.130,0.170
Melainabacterium MEL.A1,Melainabacterium_MEL_A1,0.226,0.226,0.168,0.168
Methanobrevibacter ruminantium M1,Methanobrevibacter_ruminantium_M1,0.033,0.033,0.044,0.044
Methanobrevibacter smithii ATCC 35061,Methanobrevibacter_smithii_ATCC_35061,0.012,0.012,0.027,0.027
Methanomassiliicoccus luminyensis B10,Methanomassiliicoccus_luminyensis_B10,0.053,0.237,0.064,0.229
Methanosphaera stadtmanae DSM 3091,Methanosphaera_stadtmanae_DSM_3091,0.018,0.018,0.028,0.028
Methylobacterium mesophilicum SR1.6/6,Methylobacterium_mesophilicum_SR1_6_6,0.629,1.260,0.668,1.312
Methylobacterium populi BJ001,Methylobacterium_populi_BJ001,0.463,1.212,0.534,1.278
Methylobacterium radiotolerans JCM 2831,Methylobacterium_radiotolerans_JCM_2831,0.445,1.208,0.523,0.994
Methyloversatilis universalis FAM5,Methyloversatilis_universalis_FAM5,0.141,0.458,0.130,0.229
Methyloversatilis universalis Fam50001,Methyloversatilis_universalis_Fam50001,0.174,0.559,0.163,0.524
Microbacterium gubbeenense  DSM 15944,Microbacterium_gubbeenense_DSM_15944,0.215,0.716,0.222,0.652
Microbacterium oleivorans NBRC 103075,Microbacterium_oleivorans_NBRC_103075,0.300,0.831,0.238,0.768
Microbacterium paraoxydans 77MFTsu3.2,Microbacterium_paraoxydans_77MFTsu3_2,0.290,0.826,0.241,0.771
Micrococcus luteus NCTC 2665,Micrococcus_luteus_NCTC_2665,0.098,0.555,0.082,0.590
Micromonospora aurantiaca ATCC 27029,Micromonospora_aurantiaca_ATCC_27029,0.266,0.849,0.260,0.852
Mitsuokella jalaludinii DSM 13811,Mitsuokella_jalaludinii_DSM_13811,0.458,0.458,0.229,0.229
Mitsuokella multacida DSM 20544,Mitsuokella_multacida_DSM_20544,0.470,0.806,0.343,0.464
Mobiluncus curtisii ATCC 43063,Mobiluncus_curtisii_ATCC_43063,0.172,0.458,0.181,0.229
Moraxella catarrhalis RH4,Moraxella_catarrhalis_RH4,0.045,0.517,0.087,0.543
Morganella morganii subsp. morganii KT,Morganella_morganii_subsp_morganii_KT,0.709,1.442,0.785,1.529
Mycobacterium avium subsp. avium ATCC 25291,Mycobacterium_avium_subsp_avium_ATCC_25291,0.120,0.184,0.126,0.215
Mycobacterium fortuitum subsp. fortuitum DSM 46621,Mycobacterium_fortuitum_subsp_fortuitum_DSM_46621,0.516,1.114,0.549,0.994
Mycoplasma hominis ATCC 23114,Mycoplasma_hominis_ATCC_23114,0.005,0.005,0.015,0.015
Mycoplasma pneumoniae 309,Mycoplasma_pneumoniae_309,0.016,0.016,0.015,0.015
Neisseria cinerea ATCC 14685,Neisseria_cinerea_ATCC_14685,0.077,0.237,0.084,0.207
Neisseria elongata subsp. glycolytica ATCC 29315,Neisseria_elongata_subsp_glycolytica_ATCC_29315,0.068,0.458,0.051,0.229
Neisseria flavescens SK114,Neisseria_flavescens_SK114,0.139,0.458,0.134,0.229
Neisseria macacae ATCC 33926,Neisseria_macacae_ATCC_33926,0.172,0.458,0.162,0.229
Neisseria mucosa ATCC 25996,Neisseria_mucosa_ATCC_25996,0.204,0.458,0.226,0.229
Neisseria subflava NJ9703,Neisseria_subflava_NJ9703,0.148,0.458,0.137,0.229
Nevskia ramosa DSM 11499,Nevskia_ramosa_DSM_11499,0.386,0.764,0.291,0.584
Oceanobacillus picturae strain S1,Oceanobacillus_picturae_strain_S1,0.313,0.363,0.332,0.420
Ochrobactrum anthropi ATCC 49188,Ochrobactrum_anthropi_ATCC_49188,0.633,1.263,0.567,1.217
Odoribacter laneus YIT 12061,Odoribacter_laneus_YIT_12061,0.422,0.458,0.229,0.229
"Odoribacter splanchnicus 1651/6, DSM 20712",Odoribacter_splanchnicus_1651_6_DSM_20712,0.201,0.326,0.143,0.320
Olsenella profusa F019501,Olsenella_profusa_F019501,0.289,0.653,0.242,0.585
Olsenella uli DSM 7084,Olsenella_uli_DSM_7084,0.406,0.406,0.459,0.459
Oribacterium sinus F0268,Oribacterium_sinus_F0268,0.287,0.319,0.269,0.285
Oxalobacter formigenes HOxBLS,Oxalobacter_formigenes_HOxBLS,0.035,0.048,0.042,0.070
Oxalobacter formigenes OXCC13,Oxalobacter_formigenes_OXCC13,0.027,0.035,0.035,0.043
Paenibacillus alvei DSM 29,Paenibacillus_alvei_DSM_29,0.514,0.619,0.439,0.568
Paenibacillus barengoltzii G22,Paenibacillus_barengoltzii_G22,0.474,0.591,0.405,0.510
Paenibacillus daejeonensis DSM 15491,Paenibacillus_daejeonensis_DSM_15491,0.450,0.450,0.319,0.320
Paenibacillus graminis C4D1M,Paenibacillus_graminis_C4D1M,0.982,1.120,0.848,1.120
Paenibacillus lactis 154,Paenibacillus_lactis_154,0.472,0.602,0.392,0.524
Parabacteroides distasonis ATCC 8503,Parabacteroides_distasonis_ATCC_8503,0.299,0.608,0.207,0.478
Parabacteroides goldsteinii dnLKV18,Parabacteroides_goldsteinii_dnLKV18,0.275,0.564,0.298,0.584
Parabacteroides gordonii DSM 23371,Parabacteroides_gordonii_DSM_23371,0.162,0.484,0.207,0.534
Parabacteroides johnsonii DSM 18315,Parabacteroides_johnsonii_DSM_18315,0.186,0.460,0.159,0.429
Parabacteroides merdae ATCC 43184,Parabacteroides_merdae_ATCC_43184,0.276,0.588,0.204,0.518
Parabacteroides sp. D13,Parabacteroides_sp_D13,0.068,0.253,0.045,0.184
Paracoccus yeei ATCC BAA-599,Paracoccus_yeei_ATCC_BAA_599,0.506,0.989,0.537,1.052
Paraprevotella clara YIT 11840,Paraprevotella_clara_YIT_11840,0.339,0.458,0.229,0.229
Paraprevotella xylaniphila YIT 11841,Paraprevotella_xylaniphila_YIT_11841,0.385,0.458,0.229,0.229
Parasutterella excrementihominis YIT 11859,Parasutterella_excrementihominis_YIT_11859,0.013,0.027,0.020,0.032
Parvimonas micra ATCC 33270,Parvimonas_micra_ATCC_33270,0.051,0.051,0.082,0.082
Pediococcus acidilactici 7_4,Pediococcus_acidilactici_7_4,0.048,0.081,0.013,0.029
Pediococcus acidilactici DSM 20284,Pediococcus_acidilactici_DSM_20284,0.049,0.095,0.013,0.046
Pediococcus pentosaceus ATCC 25745,Pediococcus_pentosaceus_ATCC_25745,0.141,0.164,0.095,0.115
Peptoniphilus harei ACS-146-V-Sch2b,Peptoniphilus_harei_ACS_146_V_Sch2b,0.208,0.240,0.202,0.211
Peptoniphilus indolicus ATCC 29427,Peptoniphilus_indolicus_ATCC_29427,0.152,0.157,0.193,0.204
Peptoniphilus lacrimalis DSM 7455,Peptoniphilus_lacrimalis_DSM_7455,0.127,0.156,0.115,0.133
Peptoniphilus timonensis JC401,Peptoniphilus_timonensis_JC401,0.025,0.025,0.013,0.013
Peptostreptococcus anaerobius DSM 2949,Peptostreptococcus_anaerobius_DSM_2949,0.392,0.424,0.417,0.424
Peptostreptococcus stomatis DSM 17678,Peptostreptococcus_stomatis_DSM_17678,0.169,0.207,0.158,0.183
Phascolarctobacterium succinatutens YIT 12067,Phascolarctobacterium_succinatutens_YIT_12067,0.074,0.074,0.078,0.078
Plesiomonas shigelloides 302-73,Plesiomonas_shigelloides_302_73,0.524,1.297,0.501,1.298
Porphyromonas asaccharolytica DSM 20707,Porphyromonas_asaccharolytica_DSM_20707,0.240,0.248,0.229,0.229
Porphyromonas endodontalis ATCC 35406,Porphyromonas_endodontalis_ATCC_35406,0.326,0.326,0.229,0.229
Porphyromonas gingivalis W83,Porphyromonas_gingivalis_W83,0.112,0.162,0.113,0.164
Porphyromonas somerae DSM 23386,Porphyromonas_somerae_DSM_23386,0.326,0.326,0.379,0.388
Porphyromonas uenonis 60-3,Porphyromonas_uenonis_60_3,0.326,0.326,0.229,0.229
Porphyromonas uenonis DSM 23387 ,Porphyromonas_uenonis_DSM_23387,0.281,0.292,0.229,0.229
Prevotella albensis DSM 11370 ,Prevotella_albensis_DSM_11370,0.266,0.623,0.322,0.698
Prevotella bivia DSM 20514,Prevotella_bivia_DSM_20514,0.262,0.326,0.229,0.229
Prevotella brevis ATCC 19188,Prevotella_brevis_ATCC_19188,0.283,0.458,0.229,0.229
Prevotella bryantii  C21a ,Prevotella_bryantii_C21a,0.332,0.709,0.359,0.727
Prevotella bryantii B14,Prevotella_bryantii_B14,0.268,0.458,0.229,0.229
Prevotella buccae ATCC 33574,Prevotella_buccae_ATCC_33574,0.338,0.458,0.229,0.229
Prevotella conceptionensis  9403948,Prevotella_conceptionensis_9403948,0.241,0.326,0.274,0.459
"Prevotella copri CB7, DSM 18205",Prevotella_copri_CB7_DSM_18205,0.083,0.262,0.058,0.191
Prevotella corporis DSM 18810,Prevotella_corporis_DSM_18810,0.252,0.326,0.229,0.326
Prevotella denticola DSM20614,Prevotella_denticola_DSM20614,0.326,0.326,0.326,0.326
Prevotella denticola F0289,Prevotella_denticola_F0289,0.326,0.326,0.229,0.229
Prevotella disiens FB035-09AN,Prevotella_disiens_FB035_09AN,0.326,0.326,0.229,0.229
Prevotella disiens JCM 6334 = ATCC 29426,Prevotella_disiens_JCM_6334,0.326,0.326,0.326,0.326
Prevotella enoeca  JCM 12259,Prevotella_enoeca_JCM_12259,0.187,0.290,0.165,0.229
Prevotella intermedia 17,Prevotella_intermedia_17,0.263,0.326,0.229,0.229
Prevotella intermedia ATCC 25611 = DSM 20706 ,Prevotella_intermedia_ATCC_25611,0.273,0.326,0.263,0.326
Prevotella loescheii DSM 19665 = JCM 12249 = ATCC 15930,Prevotella_loescheii_DSM_19665,0.292,0.326,0.253,0.326
Prevotella melaninogenica ATCC 25845,Prevotella_melaninogenica_ATCC_25845,0.251,0.326,0.216,0.229
Prevotella nanceiensis DSM 19126,Prevotella_nanceiensis_DSM_19126,0.228,0.326,0.230,0.326
Prevotella nigrescens ATCC 33563,Prevotella_nigrescens_ATCC_33563,0.263,0.326,0.229,0.229
Prevotella oralis ATCC 33269,Prevotella_oralis_ATCC_33269,0.379,0.458,0.229,0.229
Prevotella pallens ATCC 700821,Prevotella_pallens_ATCC_700821,0.272,0.326,0.229,0.229
Prevotella ruminicola 23,Prevotella_ruminicola_23,0.298,0.604,0.349,0.671
Prevotella salivae DSM 15606,Prevotella_salivae_DSM_15606,0.178,0.279,0.149,0.213
Prevotella shahii JCM 12083,Prevotella_shahii_JCM_12083,0.197,0.286,0.190,0.310
Prevotella stercorea DSM 18206,Prevotella_stercorea_DSM_18206,0.211,0.301,0.212,0.326
Prevotella timonensis 4401737 = DSM 22865 = JCM 15640,Prevotella_timonensis_4401737,0.223,0.326,0.218,0.326
Prevotella timonensis CRIS 5C-B1,Prevotella_timonensis_CRIS_5C_B1,0.141,0.171,0.141,0.171
Prevotella veroralis DSM 19559,Prevotella_veroralis_DSM_19559,0.315,0.326,0.277,0.326
Propionibacterium acidipropionici ATCC 4875,Propionibacterium_acidipropionici_ATCC_4875,0.458,0.458,0.229,0.229
Propionibacterium acnes KPA171202,Propionibacterium_acnes_KPA171202,0.493,0.552,0.456,0.552
Propionibacterium avidum 44067,Propionibacterium_avidum_44067,0.458,0.458,0.229,0.229
Propionibacterium freudenreichii subsp. shermanii CIRM-BIA1,Propionibacterium_freudenreichii_subsp_shermanii_CIRM_BIA1,0.223,0.647,0.184,0.341
Propionibacterium granulosum DSM 20700 ,Propionibacterium_granulosum_DSM_20700,0.364,0.364,0.353,0.364
Propionibacterium jensenii DSM 20535,Propionibacterium_jensenii_DSM_20535,0.458,0.458,0.229,0.229
Propionibacterium propionicum F0230a,Propionibacterium_propionicum_F0230a,0.544,1.017,0.609,1.086
Proteus mirabilis ATCC 35198,Proteus_mirabilis_ATCC_35198,0.458,0.458,0.229,0.229
Proteus penneri ATCC 35198,Proteus_penneri_ATCC_35198,0.377,1.062,0.391,1.064
Providencia alcalifaciens DSM 30120,Providencia_alcalifaciens_DSM_30120,0.342,0.342,0.568,1.142
Providencia rettgeri DSM 1131,Providencia_rettgeri_DSM_1131,0.342,0.342,0.551,1.117
Providencia rustigianii DSM 4541,Providencia_rustigianii_DSM_4541,0.342,0.342,0.521,1.103
Providencia stuartii ATCC 25827,Providencia_stuartii_ATCC_25827,0.342,0.342,0.522,1.113
Pseudobutyrivibrio ruminis AD2017,Pseudobutyrivibrio_ruminis_AD2017,0.147,0.204,0.093,0.129
Pseudoflavonifractor capillosus strain ATCC 29799,Pseudoflavonifractor_capillosus_strain_ATCC_29799,0.124,0.124,0.087,0.087
Pseudomonas aeruginosa NCGM2.S1,Pseudomonas_aeruginosa_NCGM2_S1,0.448,1.214,0.477,1.250
Pseudomonas alcaliphila 34,Pseudomonas_alcaliphila_34,0.338,1.124,0.422,1.215
Pseudomonas monteilii NBRC 103158 = DSM 14164,Pseudomonas_monteilii_NBRC_103158,0.335,0.458,0.229,0.229
Pseudomonas nitroreducens HBP1,Pseudomonas_nitroreducens_HBP1,0.412,1.038,0.458,1.077
Pseudomonas oleovorans MOIL14HWK12,Pseudomonas_oleovorans_MOIL14HWK12,0.309,0.826,0.339,0.861
Pseudoramibacter alactolyticus ATCC 23263,Pseudoramibacter_alactolyticus_ATCC_23263,0.122,0.147,0.074,0.099
Pyramidobacter piscolens W5455,Pyramidobacter_piscolens_W5455,0.166,0.207,0.157,0.184
Ralstonia sp. 5_7_47FAA,Ralstonia_sp_5_7_47FAA,0.150,0.678,0.200,0.679
Raoultella planticola ATCC 33531,Raoultella_planticola_ATCC_33531,0.458,0.458,0.229,0.229
Rhodococcus equi  NBRC 101255 = C 701,Rhodococcus_equi_NBRC_101255,0.542,1.000,0.660,1.114
Rhodococcus equi ATCC 33707,Rhodococcus_equi_ATCC_33707,0.440,1.068,0.561,1.182
Rhodococcus rhodochrous ATCC 21198,Rhodococcus_rhodochrous_ATCC_21198,0.370,0.837,0.401,0.866
Roseburia hominis A2-183,Roseburia_hominis_A2_183,0.307,0.307,0.192,0.192
Roseburia intestinalis L1-82,Roseburia_intestinalis_L1_82,0.341,0.403,0.258,0.321
Roseburia inulinivorans DSM 16841,Roseburia_inulinivorans_DSM_16841,0.274,0.331,0.208,0.248
Roseomonas mucosa ATCC BAA-692,Roseomonas_mucosa_ATCC_BAA_692,0.458,0.458,0.229,0.229
Rothia aeria F0474,Rothia_aeria_F0474,0.117,0.458,0.112,0.229
Rothia dentocariosa ATCC 17931,Rothia_dentocariosa_ATCC_17931,0.120,0.434,0.091,0.229
Rothia mucilaginosa DY-18,Rothia_mucilaginosa_DY_18,0.159,0.397,0.148,0.229
Ruminococcaceae bacterium D16,Ruminococcaceae_bacterium_D16,0.105,0.107,0.098,0.099
Ruminococcus albus 7 = DSM 20455,Ruminococcus_albus_7,0.176,0.221,0.130,0.164
Ruminococcus bicirculans 80/3,Ruminococcus_bicirculans_80_3,0.129,0.156,0.117,0.147
Ruminococcus bromii L2-63,Ruminococcus_bromii_L2_63,0.095,0.129,0.068,0.101
Ruminococcus callidus ATCC 2776001,Ruminococcus_callidus_ATCC_2776001,0.229,0.278,0.212,0.248
Ruminococcus champanellensis 18P13,Ruminococcus_champanellensis_18P13,0.026,0.050,0.042,0.082
Ruminococcus flavefaciens ATCC 19208,Ruminococcus_flavefaciens_ATCC_19208,0.271,0.311,0.233,0.270
Ruminococcus flavefaciens FD-1,Ruminococcus_flavefaciens_FD_1,0.253,0.292,0.213,0.250
Ruminococcus gauvreauii DSM 19829,Ruminococcus_gauvreauii_DSM_19829,0.219,0.315,0.188,0.269
Ruminococcus gnavus ATCC 29149,Ruminococcus_gnavus_ATCC_29149,0.208,0.291,0.194,0.277
Ruminococcus lactaris ATCC 29176,Ruminococcus_lactaris_ATCC_29176,0.110,0.128,0.077,0.098
Ruminococcus obeum A2-162,Ruminococcus_obeum_A2_162,0.115,0.192,0.105,0.182
Ruminococcus sp. 5_1_39BFAA,Ruminococcus_sp_5_1_39BFAA,0.044,0.075,0.018,0.047
Ruminococcus sp. SR1/5,Ruminococcus_sp_SR1_5,0.145,0.169,0.118,0.148
Ruminococcus torques ATCC 27756,Ruminococcus_torques_ATCC_27756,0.105,0.105,0.060,0.060
Ruminococcus torques L2-14,Ruminococcus_torques_L2_14,0.157,0.183,0.119,0.148
Salmonella enterica enterica sv Typhimurium LT2,Salmonella_enterica_enterica_sv_Typhimurium_LT2,0.677,1.290,0.682,1.293
Scardovia inopinata F0304,Scardovia_inopinata_F0304,0.225,0.279,0.180,0.209
Selenomonas ruminantium AC2024,Selenomonas_ruminantium_AC2024,0.600,1.054,0.589,1.050
Serratia fonticola RB-25,Serratia_fonticola_RB_25,0.458,0.458,0.229,0.229
Serratia liquefaciens ATCC 27592,Serratia_liquefaciens_ATCC_27592,0.458,0.458,0.229,0.229
Silanimonas lenta DSM 16282,Silanimonas_lenta_DSM_16282,0.065,0.454,0.042,0.469
Slackia exigua ATCC 700122,Slackia_exigua_ATCC_700122,0.015,0.053,0.027,0.053
Slackia piriformis YIT 12062,Slackia_piriformis_YIT_12062,0.009,0.039,0.028,0.049
Solobacterium moorei DSM 22971,Solobacterium_moorei_DSM_22971,0.274,0.348,0.290,0.396
Solobacterium moorei F0204,Solobacterium_moorei_F0204,0.272,0.333,0.280,0.329
Staphylococcus arlettae CVD059,Staphylococcus_arlettae_CVD059,0.291,0.452,0.249,0.407
Staphylococcus capitis CR0101,Staphylococcus_capitis_CR0101,0.294,0.436,0.309,0.448
Staphylococcus capitis QN1,Staphylococcus_capitis_QN1,0.304,0.460,0.318,0.471
Staphylococcus caprae C87,Staphylococcus_caprae_C87,0.312,0.469,0.318,0.474
Staphylococcus cohnii hu-01,Staphylococcus_cohnii_hu_01,0.383,0.526,0.401,0.549
Staphylococcus epidermidis ATCC 12228,Staphylococcus_epidermidis_ATCC_12228,0.301,0.434,0.311,0.443
Staphylococcus equorum subsp. equorum Mu2,Staphylococcus_equorum_subsp_equorum_Mu2,0.288,0.478,0.247,0.437
Staphylococcus haemolyticus JCSC1435,Staphylococcus_haemolyticus_JCSC1435,0.352,0.499,0.353,0.495
Staphylococcus hominis subsp. hominis C80,Staphylococcus_hominis_subsp_hominis_C80,0.288,0.436,0.300,0.442
Staphylococcus intermedius ATCC 27335,Staphylococcus_intermedius_ATCC_27335,0.279,0.324,0.248,0.267
Staphylococcus lugdunensis HKU09-01,Staphylococcus_lugdunensis_HKU09_01,0.291,0.437,0.293,0.430
Staphylococcus pasteuri SP1,Staphylococcus_pasteuri_SP1,0.303,0.442,0.316,0.450
Staphylococcus pettenkoferi VCU012,Staphylococcus_pettenkoferi_VCU012,0.216,0.394,0.128,0.128
Staphylococcus saprophyticus subsp. saprophyticus ATCC 15305,Staphylococcus_saprophyticus_subsp_saprophyticus_ATCC_15305,0.343,0.516,0.309,0.493
Staphylococcus sciuri subsp. sciuri Z8,Staphylococcus_sciuri_subsp_sciuri_Z8,0.292,0.426,0.260,0.412
Staphylococcus simulans ACS-120-V-Sch1,Staphylococcus_simulans_ACS_120_V_Sch1,0.340,0.477,0.344,0.480
Staphylococcus vitulinus F1028,Staphylococcus_vitulinus_F1028,0.277,0.409,0.253,0.403
Staphylococcus warneri SG1,Staphylococcus_warneri_SG1,0.318,0.472,0.327,0.477
Staphylococcus xylosus DMB3-Bh1,Staphylococcus_xylosus_DMB3_Bh1,0.350,0.512,0.334,0.508
Staphylococcus xylosus NJ,Staphylococcus_xylosus_NJ,0.350,0.525,0.334,0.523
Stenotrophomonas maltophilia D457,Stenotrophomonas_maltophilia_D457,0.458,0.458,0.229,0.229
Stenotrophomonas rhizophila PCA13,Stenotrophomonas_rhizophila_PCA13,0.458,0.458,0.229,0.229
Stoquefichus massiliensis AP9,Stoquefichus_massiliensis_AP9,0.213,0.286,0.168,0.230
Streptococcus agalactiae A909,Streptococcus_agalactiae_A909,0.348,0.348,0.407,0.463
Streptococcus anginosus 1_2_62CV,Streptococcus_anginosus_1_2_62CV,0.075,0.114,0.047,0.084
Streptococcus australis ATCC 700641,Streptococcus_australis_ATCC_700641,0.376,0.449,0.397,0.461
Streptococcus constellatus subsp. constellatus SK53,Streptococcus_constellatus_subsp_constellatus_SK53,0.270,0.336,0.250,0.306
Streptococcus constellatus subsp. pharyngis SK1060,Streptococcus_constellatus_subsp_pharyngis_SK1060,0.291,0.348,0.264,0.312
Streptococcus cristatus ATCC 51100,Streptococcus_cristatus_ATCC_51100,0.326,0.386,0.337,0.395
Streptococcus dysgalactiae subsp. dysgalactiae ATCC 27957,Streptococcus_dysgalactiae_subsp_dysgalactiae_ATCC_27957,0.348,0.348,0.319,0.379
Streptococcus equinus ATCC 9812,Streptococcus_equinus_ATCC_9812,0.077,0.077,0.065,0.065
Streptococcus gallolyticus subsp. gallolyticus ATCC 43143,Streptococcus_gallolyticus_subsp_gallolyticus_ATCC_43143,0.268,0.331,0.159,0.181
Streptococcus gordonii str. Challis substr. CH1,Streptococcus_gordonii_str_Challis_substr_CH1,0.401,0.486,0.420,0.507
Streptococcus infantarius subsp. infantarius ATCC BAA-102,Streptococcus_infantarius_subsp_infantarius_ATCC_BAA_102,0.151,0.151,0.066,0.084
Streptococcus infantis ATCC 700779,Streptococcus_infantis_ATCC_700779,0.312,0.369,0.325,0.370
Streptococcus intermedius JTH08,Streptococcus_intermedius_JTH08,0.320,0.348,0.314,0.392
Streptococcus lutetiensis 033,Streptococcus_lutetiensis_033,0.285,0.351,0.271,0.319
Streptococcus mitis NCTC 12261,Streptococcus_mitis_NCTC_12261,0.352,0.426,0.336,0.393
Streptococcus mutans ATCC 25175,Streptococcus_mutans_ATCC_25175,0.472,0.580,0.418,0.524
Streptococcus oralis Uo5,Streptococcus_oralis_Uo5,0.416,0.497,0.369,0.420
Streptococcus parasanguinis ATCC 903,Streptococcus_parasanguinis_ATCC_903,0.319,0.381,0.331,0.378
Streptococcus parauberis KCTC 11537,Streptococcus_parauberis_KCTC_11537,0.303,0.348,0.266,0.327
Streptococcus peroris ATCC 700780,Streptococcus_peroris_ATCC_700780,0.291,0.348,0.260,0.313
Streptococcus pleomorphus DSM 20574,Streptococcus_pleomorphus_DSM_20574,0.182,0.219,0.162,0.170
Streptococcus pseudopneumoniae IS7493,Streptococcus_pseudopneumoniae_IS7493,0.293,0.350,0.254,0.284
Streptococcus salivarius JIM8777,Streptococcus_salivarius_JIM8777,0.371,0.451,0.320,0.381
Streptococcus sanguinis SK36,Streptococcus_sanguinis_SK36,0.424,0.531,0.426,0.532
Streptococcus sp. 2_1_36FAA,Streptococcus_sp_2_1_36FAA,0.098,0.143,0.068,0.118
Streptococcus sp. I-G2,Streptococcus_sp_I_G2,0.229,0.345,0.206,0.302
Streptococcus sp. I-P16,Streptococcus_sp_I_P16,0.224,0.335,0.203,0.297
Streptococcus thermophilus LMG 18311,Streptococcus_thermophilus_LMG_18311,0.101,0.101,0.087,0.093
Streptococcus thoraltensis DSM 12221,Streptococcus_thoraltensis_DSM_12221,0.348,0.348,0.430,0.532
Streptococcus uberis 0140J,Streptococcus_uberis_0140J,0.316,0.348,0.324,0.390
Streptococcus vestibularis F0396,Streptococcus_vestibularis_F0396,0.308,0.371,0.313,0.374
Subdoligranulum variabile DSM 15176,Subdoligranulum_variabile_DSM_15176,0.252,0.252,0.211,0.211
Succinatimonas hippei YIT 12066,Succinatimonas_hippei_YIT_12066,0.079,0.196,0.069,0.157
Succinivibrio dextrinosolvens H5,Succinivibrio_dextrinosolvens_H5,0.122,0.124,0.091,0.091
Sulfolobus solfataricus P2,Sulfolobus_solfataricus_P2,0.049,0.458,0.072,0.229
Sutterella parvirubra YIT 11816,Sutterella_parvirubra_YIT_11816,0.013,0.025,0.036,0.038
Sutterella wadsworthensis 3_1_45B,Sutterella_wadsworthensis_3_1_45B,0.037,0.143,0.049,0.149
Tannerella forsythia ATCC 43037,Tannerella_forsythia_ATCC_43037,0.406,0.406,0.229,0.229
Tatumella ptyseos ATCC 33301,Tatumella_ptyseos_ATCC_33301,0.781,1.279,0.839,1.335
Trabulsiella guamensis ATCC 49490,Trabulsiella_guamensis_ATCC_49490,0.458,0.458,0.229,0.229
Tropheryma whipplei str. Twist,Tropheryma_whipplei_str_Twist,0.008,0.015,0.008,0.013
Trueperella pyogenes MS249,Trueperella_pyogenes_MS249,0.292,0.292,0.146,0.146
Ureaplasma parvum serovar 1 str. ATCC 27813,Ureaplasma_parvum_serovar_1_str_ATCC_27813,0.006,0.006,0.017,0.017
Ureaplasma urealyticum serovar 8 str. ATCC 27618,Ureaplasma_urealyticum_serovar_8_str_ATCC_27618,0.046,0.046,0.057,0.057
Ureibacillus thermosphaericus str. Thermo-BF,Ureibacillus_thermosphaericus_str_Thermo_BF,0.067,0.180,0.051,0.191
Varibaculum cambriense DSM 15806,Varibaculum_cambriense_DSM_15806,0.308,0.458,0.229,0.229
Veillonella atypica ACS-049-V-Sch6,Veillonella_atypica_ACS_049_V_Sch6,0.142,0.189,0.128,0.163
Veillonella dispar ATCC 17748,Veillonella_dispar_ATCC_17748,0.200,0.458,0.190,0.229
"Veillonella parvula Te3, DSM 2008",Veillonella_parvula_Te3_DSM_2008,0.117,0.290,0.131,0.260
Veillonella ratti ACS-216-V-Col6b,Veillonella_ratti_ACS_216_V_Col6b,0.195,0.416,0.181,0.229
Veillonella sp. 3_1_44,Veillonella_sp_3_1_44,0.074,0.255,0.094,0.231
Veillonella sp. 6_1_27,Veillonella_sp_6_1_27,0.204,0.471,0.216,0.415
Vibrio fluvialis 560,Vibrio_fluvialis_560,0.458,0.458,0.229,0.229
Vibrio furnissii NCTC 11218,Vibrio_furnissii_NCTC_11218,0.458,0.458,0.229,0.229
Vibrio mimicus MB-451,Vibrio_mimicus_MB_451,0.458,0.458,0.229,0.229
Vibrio parahaemolyticus RIMD 2210633,Vibrio_parahaemolyticus_RIMD_2210633,0.458,0.458,0.229,0.229
Weissella cibaria KACC 11862,Weissella_cibaria_KACC_11862,0.134,0.134,0.106,0.106
Weissella confusa LBAE C39-2,Weissella_confusa_LBAE_C39_2,0.183,0.228,0.155,0.200
Weissella paramesenteroides ATCC 33313,Weissella_paramesenteroides_ATCC_33313,0.048,0.154,0.028,0.115
Yersinia bercovieri ATCC 43970,Yersinia_bercovieri_ATCC_43970,0.458,0.458,0.229,0.229
Yersinia enterocolitica subsp. enterocolitica 8081,Yersinia_enterocolitica_subsp_enterocolitica_8081,0.653,1.427,0.651,1.410
Yersinia frederiksenii ATCC 33641,Yersinia_frederiksenii_ATCC_33641,0.736,1.416,0.744,1.401
Yersinia kristensenii ATCC 33638,Yersinia_kristensenii_ATCC_33638,0.458,0.458,0.229,0.229
Yersinia pseudotuberculosis YPIII,Yersinia_pseudotuberculosis_YPIII,0.458,0.458,0.229,0.229
Yersinia rohdei ATCC 43380,Yersinia_rohdei_ATCC_43380,0.458,0.458,0.229,0.229
Yokenella regensburgei ATCC 43003,Yokenella_regensburgei_ATCC_43003,0.458,0.458,0.229,0.229
